;;Challenges;Challenges won, %;Attacking challenges;Air challenges;Air challenges won, %;Tackles;Ball interceptions;Free ball pick ups;Challenges won;Defensive challenges;Defensive challenges won;Challenges in defence won, %;Attacking challenges won;Challenges in attack won, %;Air challenges won;Tackles successful;Tackles won, %;Defensive xG (xG of shots made by guarded player);Defensive xG per shot;Yellow cards;Red cards;Fouls;Position
26;Jorge Teixeira;191;66%;36;85;65%;38;160;185;126;155;98;63%;28;78%;55;23;61%;2,1;0,08;3;-;14;CD
76;Timothy Derijck;158;63%;28;59;64%;36;118;96;100;130;77;59%;23;82%;38;19;53%;3,9;0,12;6;-;10;CD
2;R. De Laet;376;63%;134;100;59%;93;188;186;235;242;166;69%;69;51%;59;69;74%;2,1;0,08;10;1;23;CD
5;Jordi Amat;271;65%;60;85;55%;64;180;165;175;211;136;64%;39;65%;47;47;73%;2,8;0,1;6;2;19;CD
6;M. Dyrestam;62;52%;15;30;63%;7;47;32;32;47;25;53%;7;47%;19;2;29%;0,45;0,06;1;-;4;CD
15;Pierre Bourdin;291;50%;65;103;51%;62;134;115;146;226;125;55%;21;32%;53;34;55%;3,1;0,12;7;-;25;CD
37;T. Leistner;344;68%;73;136;69%;72;191;195;234;271;190;70%;44;60%;94;50;69%;3,9;0,13;6;1;41;CD
5;T. Sainsbury;351;69%;53;144;67%;65;302;172;243;298;201;67%;42;79%;96;41;63%;6;0,1;7;-;19;CD
25;Molla Wague;40;63%;5;22;59%;3;21;14;25;35;23;66%;2;40%;13;1;33%;0,02;0,02;-;-;3;CD
39;Jonathan Buatu;86;65%;21;33;61%;24;48;52;56;65;43;66%;13;62%;20;18;75%;0,44;0,06;-;-;4;CD
4;Frederic Frans;61;56%;21;31;55%;12;34;24;34;40;24;60%;10;48%;17;5;42%;0,09;0,02;2;1;10;CD
6;Noe Dussenne;313;65%;67;119;72%;70;194;139;203;246;172;70%;31;46%;86;43;61%;2;0,09;7;1;25;CD
5;P. Ngawa;210;62%;30;73;66%;57;80;89;130;180;112;62%;18;60%;48;37;65%;3,2;0,1;4;-;19;CD
24;Benjamin Boulenger;242;62%;69;87;52%;48;140;108;150;173;107;62%;43;62%;45;28;58%;1,68;0,09;7;2;24;CD
6;B. Poulain;8;63%;1;3;67%;1;5;7;5;7;5;71%;-;-;2;1;100%;-;-;-;-;-;CD
28;Jonathan Steve Heris;426;69%;98;107;59%;129;186;171;296;328;223;68%;73;74%;63;97;75%;2,2;0,09;3;-;30;CD
6;S. Dewaest;376;68%;74;127;68%;82;194;186;255;302;212;70%;43;58%;86;56;68%;4,1;0,09;6;1;39;CD
2;Lisandro Magallan;234;67%;50;100;61%;42;122;107;156;184;121;66%;35;70%;61;30;71%;1,64;0,11;4;-;30;CD
34;Konstantinos Laifis;241;61%;31;102;69%;50;155;133;148;210;128;61%;20;65%;70;26;52%;2,2;0,1;3;-;19;CD
3;Bjorn Lionel Engels;191;69%;52;106;67%;22;111;90;132;139;100;72%;32;62%;71;17;77%;2,4;0,11;2;1;13;CD
15;Matej Mitrovic;43;74%;8;23;70%;6;32;24;32;35;27;77%;5;63%;16;6;100%;0,16;0,08;-;-;3;CD
26;Dario Del Fabro;146;55%;21;76;51%;16;77;43;81;125;71;57%;10;48%;39;9;56%;2,8;0,12;2;-;10;CD
4;S. Bateau;138;64%;19;59;61%;23;91;94;89;119;74;62%;15;79%;36;19;83%;2,7;0,11;4;-;15;CD
30;Jordi Vanlerberghe;438;61%;80;168;57%;98;239;213;267;358;214;60%;53;66%;95;57;58%;4,4;0,11;6;-;15;CD
24;Dorian Dessoleil;311;59%;51;130;54%;52;182;163;184;260;151;58%;33;65%;70;31;60%;2,7;0,08;2;-;18;CD
23;Thibaut Peyre;221;67%;27;90;64%;42;140;104;149;194;133;69%;16;59%;58;30;71%;2,7;0,11;1;2;13;CD
6;Lucas Rougeaux;168;67%;65;60;77%;31;81;74;112;103;67;65%;45;69%;46;18;58%;1,25;0,1;7;-;21;CD
31;Bruno Godeau;148;61%;26;48;56%;29;94;91;90;122;75;61%;15;58%;27;17;59%;0,63;0,08;5;-;16;CD
5;M. Ngadeu-Ngadjui;400;72%;109;169;73%;64;245;221;286;291;206;71%;80;73%;124;42;66%;2,7;0,08;4;-;21;CD
16;C. Burgess;531;70%;85;237;70%;101;258;221;372;446;316;71%;56;66%;167;70;69%;4,5;0,13;10;-;35;CD
44;Brandon Mechele;467;69%;78;187;71%;104;279;219;323;389;278;71%;45;58%;132;68;65%;3,8;0,09;2;-;28;CD
20;M. Bokadi;246;60%;101;71;65%;42;116;141;147;145;87;60%;60;59%;46;25;60%;0,84;0,08;4;-;14;CD
4;W. Hoedt;427;68%;76;191;66%;61;315;275;291;351;244;70%;47;62%;126;38;62%;3,4;0,1;8;1;34;CD
17;Steven Fortes;232;69%;38;79;70%;46;178;124;159;194;136;70%;23;61%;55;34;74%;3,5;0,15;3;2;13;CD
21;A. Hanche-Olsen;458;68%;132;121;72%;105;208;210;313;326;228;70%;85;64%;87;77;73%;2,4;0,08;5;-;30;CD
33;C. Humphreys;233;63%;54;59;71%;65;170;124;147;179;113;63%;34;63%;42;38;58%;3,3;0,1;5;1;14;CD
44;M. Lemos;118;66%;29;43;72%;29;75;73;78;89;59;66%;19;66%;31;18;62%;2,1;0,14;2;-;7;CD
4;Joost van Wang Aken;6;17%;-;1;-;4;6;3;1;6;1;17%;-;-;-;1;25%;0,03;0,03;1;1;6;CD
20;Robert Bauer;229;70%;50;58;67%;73;139;173;160;179;127;71%;33;66%;39;51;70%;2,1;0,11;4;1;25;CD
20;Jordan Torunarigha;145;68%;48;32;59%;29;66;47;99;97;69;71%;30;63%;19;24;83%;1,13;0,23;1;-;5;CD
6;Dario Van den Buijs;35;69%;4;12;92%;9;22;22;24;31;21;68%;3;75%;11;6;67%;0,3;0,1;-;-;3;CD
3;S. Chakla;231;63%;58;64;59%;61;101;97;146;173;116;67%;30;52%;38;42;69%;1,5;0,08;-;1;20;CD
40;Junior Udeme Pius;133;65%;31;38;66%;32;81;61;87;102;66;65%;21;68%;25;19;59%;1,54;0,22;2;-;8;CD
30;Abdoulaye Seck;306;68%;101;145;66%;54;167;96;209;205;147;72%;62;61%;96;39;72%;2,9;0,13;5;2;20;CD
2;Jan Van den Bergh;378;58%;144;145;55%;74;141;158;218;234;147;63%;71;49%;80;49;66%;1,85;0,1;8;1;21;CD
61;Dinis Almeida;239;57%;46;98;56%;71;126;107;137;193;114;59%;23;50%;55;43;61%;2;0,08;4;-;17;CD
66;A. Radovanović;297;74%;39;163;74%;47;245;144;219;258;188;73%;31;79%;120;35;74%;5,6;0,09;4;1;15;CD
20;Yahya Nadrani;408;70%;66;86;62%;119;203;151;286;342;247;72%;39;59%;53;95;80%;3,4;0,1;7;-;34;CD
3;Stefan Knezevic;528;65%;115;180;67%;101;222;192;342;413;280;68%;62;54%;120;69;68%;4,7;0,09;5;-;37;CD
4;Jonas Valentin Bager;258;63%;61;66;62%;72;134;104;162;197;128;65%;34;56%;41;47;65%;2,5;0,12;3;1;22;CD
33;J. Lucumí;291;64%;61;65;43%;67;173;151;185;230;140;61%;45;74%;28;43;64%;3;0,1;3;-;19;CD
4;S. Nsoki;394;69%;120;100;64%;81;232;174;271;274;187;68%;84;70%;64;53;65%;1,15;0,07;8;2;23;CD
28;Koki Machida;130;67%;26;45;78%;24;57;57;87;104;70;67%;17;65%;35;14;58%;0,57;0,06;2;1;17;CD
46;C. Cuesta;213;69%;52;71;66%;52;100;76;146;161;106;66%;40;77%;47;35;67%;1,75;0,11;2;-;10;CD
24;Silas Gnaka;153;58%;54;35;31%;34;81;79;89;99;50;51%;39;72%;11;17;50%;1,03;0,06;-;-;6;CD
13;Kouadio-Yves Dabila;119;65%;18;51;53%;22;89;80;77;101;63;62%;14;78%;27;16;73%;1;0,08;-;1;4;CD
34;Rick van Drongelen;80;60%;16;28;68%;10;44;53;48;64;39;61%;9;56%;19;5;50%;0,85;0,09;2;-;6;CD
3;Hannes Delcroix;71;56%;13;27;52%;10;56;37;40;58;32;55%;8;62%;14;5;50%;0,4;0,07;-;-;2;CD
44;Siebe Van Der Heyden;393;62%;91;114;64%;108;167;152;243;302;190;63%;53;58%;73;68;63%;1,98;0,09;12;-;43;CD
6;Edgaras Utkus;373;67%;97;151;68%;66;128;145;249;276;186;67%;63;65%;103;41;62%;1,29;0,12;8;2;46;CD
5;Jack William Hendry;352;73%;83;151;72%;63;185;179;257;269;199;74%;58;70%;108;49;78%;4,7;0,11;3;1;14;CD
3;Maximiliano Caufriez;85;58%;21;24;58%;28;32;23;49;64;39;61%;10;48%;14;15;54%;0,2;0,05;3;-;7;CD
55;Stipe Radic;381;65%;57;181;66%;70;275;197;248;324;214;66%;34;60%;120;43;61%;8;0,14;5;2;32;CD
3;Z. Medley;238;63%;66;76;58%;64;148;121;151;172;110;64%;41;62%;44;37;58%;0,87;0,07;2;-;16;CD
5;Loic Anthony Bessile;218;62%;55;83;55%;46;100;122;135;163;95;58%;40;73%;46;22;48%;2,3;0,12;2;-;15;CD
2;M. McKenzie;260;74%;41;98;67%;49;147;122;192;219;160;73%;32;78%;66;36;73%;1,58;0,08;3;-;22;CD
4;J. Daland;415;67%;93;204;67%;77;217;227;280;322;217;67%;63;68%;137;57;74%;3,2;0,11;6;-;17;CD
33;Anton Willy Tanghe;214;64%;25;76;64%;58;146;106;136;189;116;61%;20;80%;49;38;66%;1,74;0,11;5;-;18;CD
15;D.Ouedraogo;31;61%;10;7;57%;4;15;15;19;21;12;57%;7;70%;4;3;75%;0,4;0,08;1;-;4;CD
5;Boris Popovic;214;62%;41;115;60%;20;127;106;132;173;105;61%;27;66%;69;13;65%;3,3;0,11;2;-;14;CD
2;Joseph Stanley Okumu;383;73%;102;117;66%;87;238;213;278;281;209;74%;69;68%;77;67;77%;2,8;0,09;1;-;19;CD
4;Wagane Faye;182;61%;36;58;50%;55;109;79;111;146;89;61%;22;61%;29;39;71%;0,84;0,08;3;-;15;CD
27;D. Lavalée;548;57%;111;148;64%;155;196;242;310;437;240;55%;70;63%;94;79;51%;0,88;0,07;10;-;52;CD
5;Sissako Moussa;217;66%;34;76;74%;62;121;88;143;183;119;65%;24;71%;56;41;66%;1,91;0,13;7;1;25;CD
24;Ewoud Pletinckx;277;62%;44;86;53%;91;197;125;172;233;146;63%;26;59%;46;61;67%;4,4;0,1;2;-;14;CD
5;Arthur Nicolas Theate;49;57%;6;14;64%;15;22;19;28;43;25;58%;3;50%;9;6;40%;0,27;0,09;1;1;5;CD
15;Frederik Jakel;318;72%;60;139;80%;58;236;180;228;258;185;72%;43;72%;111;40;69%;4,5;0,11;3;-;17;CD
6;T. Harwood-Bellis;143;68%;29;68;60%;18;94;74;97;114;75;66%;22;76%;41;13;72%;2,7;0,12;3;-;7;CD
18;Alec Van Hoorenbeeck;249;53%;53;97;45%;45;89;86;132;196;103;53%;29;55%;44;26;58%;3,4;0,13;2;-;26;CD
59;Ismael Kandouss;461;64%;116;148;62%;90;207;179;294;345;225;65%;69;59%;92;52;58%;2,6;0,08;5;-;36;CD
3;Mujaid Sadick Aliu;346;66%;51;102;58%;95;144;142;230;295;197;67%;33;65%;59;69;73%;2,4;0,08;2;1;13;CD
21;Stelios Andreou;298;63%;55;65;52%;80;227;165;188;243;155;64%;33;60%;34;50;63%;4,6;0,11;3;-;13;CD
17;S. Raux Yao;3;33%;-;1;-;2;3;2;1;3;1;33%;-;-;-;1;50%;0,11;0,11;-;-;-;CD
5;Osaze Urhoghide;123;70%;33;36;61%;29;38;55;86;90;68;76%;18;55%;22;23;79%;0,3;0,08;2;-;12;CD
66;A. Konstantopoulos;67;61%;7;18;44%;18;22;28;41;60;36;60%;5;71%;8;12;67%;0,45;0,15;1;-;4;CD
51;W. Pacho;23;70%;6;5;60%;5;15;15;16;17;12;71%;4;67%;3;4;80%;0,04;0,04;-;-;-;CD
35;Boris Lambert;405;58%;173;103;60%;105;161;171;233;232;137;59%;96;55%;62;60;57%;1,58;0,09;8;-;18;CD
4;Tsuyoshi Watanabe;120;59%;23;54;56%;19;61;38;71;97;58;60%;13;57%;30;12;63%;1,86;0,1;2;-;6;CD
35;Cenk Ozkacar;467;64%;101;141;63%;130;251;187;301;366;232;63%;69;68%;89;86;66%;3,4;0,09;4;-;9;CD
3;Ameen Al Dakhil;222;64%;31;83;66%;30;132;102;142;191;124;65%;18;58%;55;20;67%;1,97;0,1;6;1;16;CD
3;David Sousa Albino;166;63%;23;62;60%;34;67;77;105;143;94;66%;11;48%;37;26;76%;1,06;0,15;2;-;17;CD
25;V. Ozornwafor;203;65%;29;78;68%;42;133;126;131;174;113;65%;18;62%;53;28;67%;3,3;0,12;2;-;18;CD
22;E. Agbadou;513;68%;178;119;65%;129;267;233;351;335;236;70%;115;65%;77;88;68%;5,7;0,11;8;-;40;CD
33;Nathan Ngoy;96;57%;17;18;39%;29;40;40;55;79;47;59%;8;47%;7;19;66%;0,88;0,11;2;-;10;CD
28;Toon Raemaekers;13;69%;2;3;100%;2;6;7;9;11;9;82%;-;-;3;2;100%;0,04;0,02;-;-;1;CD
56;Zeno Koen Debast;42;57%;6;10;50%;13;21;14;24;36;22;61%;2;33%;5;8;62%;0,39;0,06;1;-;9;CD
16;Ibrahima Cisse;1;100%;1;1;-;-;2;1;1;1;1;100%;1;-;1;-;-;-;-;-;-;-;CD
4;A. Outtara Mohammed;121;57%;43;34;62%;30;56;50;69;78;44;56%;25;58%;21;16;53%;0,9;0,1;3;-;16;CD
35;L. Noubi;22;68%;5;6;67%;7;6;9;15;17;11;65%;4;80%;4;5;71%;0,32;0,11;-;-;1;CD
25;Louis Patris;108;55%;24;30;53%;27;47;28;59;84;47;56%;12;50%;16;18;67%;0,52;0,09;3;-;4;CD
31;Martin Jean Wasinski;81;67%;15;24;54%;26;34;33;54;66;46;70%;8;53%;13;20;77%;0,19;0,06;2;-;4;CD
28;Elias Noah Spago;38;68%;8;10;70%;11;26;17;26;30;20;67%;6;75%;7;7;64%;0,68;0,17;-;-;-;CD
94;Loubadhe Abakar Sylla;1;100%;-;-;-;-;1;1;1;1;1;100%;-;-;-;-;-;-;-;-;-;-;CD
85;Arnaud Dony;16;63%;6;5;80%;4;2;7;10;10;6;60%;4;67%;4;2;50%;-;-;-;-;1;CD
12;Rune Paeshuyse;1;-;-;-;-;-;1;1;-;1;-;-;-;-;-;-;-;-;-;-;-;1;CD
9;Roman Bezus;345;43%;253;82;46%;45;46;73;148;92;30;33%;118;47%;38;13;29%;0,14;0,07;5;-;22;CM
25;Ruud Willem Vormer;214;58%;95;42;45%;68;64;122;124;119;67;56%;57;60%;19;42;62%;0,19;0,05;3;-;28;CM
10;Shinji Kagawa;34;47%;19;7;14%;9;7;17;16;15;8;53%;8;42%;1;4;44%;-;-;-;-;2;CM
4;Radja Nainggolan;409;51%;214;71;58%;110;104;228;210;195;94;48%;116;54%;41;59;54%;1,1;0,09;5;-;32;CM
8;Vadis Odjidja-Ofoe;339;43%;209;52;38%;73;64;132;147;130;56;43%;91;44%;20;36;49%;0,32;0,05;5;2;25;CM
8;Raphael Holzhauser;233;39%;141;43;47%;58;38;102;92;92;31;34%;61;43%;20;24;41%;0,09;0,05;7;1;18;CM
8;L. Christensen;189;39%;96;24;38%;51;39;55;74;93;34;37%;40;42%;9;18;35%;0,89;0,3;2;-;19;CM
8;Stef Peeters;409;43%;224;53;53%;106;84;173;175;185;72;39%;103;46%;28;37;35%;0,47;0,08;9;-;40;CM
44;Christian Bruls;537;47%;353;95;45%;80;116;214;253;184;77;42%;176;50%;43;40;50%;0,01;0,01;3;-;30;CM
10;Xavier Mercier;351;36%;275;16;13%;47;24;142;128;76;21;28%;107;39%;2;16;34%;0,05;0,02;3;-;10;CM
20;Hans Vanaken;460;48%;288;124;52%;89;126;191;223;172;82;48%;141;49%;65;48;54%;0,42;0,04;1;-;14;CM
27;Michiel Jonckheere;45;33%;10;20;30%;10;27;19;15;35;13;37%;2;20%;6;5;50%;-;-;2;-;8;CM
8;C. McGeehan;244;50%;123;78;54%;52;57;84;121;121;57;47%;64;52%;42;22;42%;0,2;0,03;4;-;19;CM
16;Pieter Gerkens;227;51%;102;65;58%;57;51;64;116;125;65;52%;51;50%;38;28;49%;0,38;0,05;4;-;12;CM
18;Ryan Sanusi;187;57%;82;33;55%;45;72;106;106;105;55;52%;51;62%;18;26;58%;0,55;0,07;2;-;10;CM
17;Andrew Hjulsager;256;41%;154;42;31%;54;31;83;105;102;46;45%;59;38%;13;33;61%;-;-;2;1;12;CM
15;Eden Shamir;7;57%;3;1;-;2;-;2;4;4;3;75%;1;33%;-;2;100%;-;-;-;-;-;CM
10;Dino Hotic;489;45%;276;84;35%;130;111;146;218;213;85;40%;133;48%;29;58;45%;0,18;0,05;4;-;33;CM
17;Teddy Teuma;647;44%;290;69;38%;233;180;259;286;357;140;39%;146;50%;26;101;43%;0,32;0,04;5;-;45;CM
20;G. Engvall;121;44%;90;15;33%;13;13;26;53;31;15;48%;38;42%;5;8;62%;-;-;1;-;6;CM
19;K. Mrabti;539;41%;329;140;31%;100;112;160;220;210;87;41%;133;40%;43;51;51%;0,96;0,14;4;-;33;CM
28;S. Bastien;276;39%;139;48;35%;59;60;121;109;137;56;41%;53;38%;17;25;42%;0,14;0,05;5;-;19;CM
10;O. Govea;64;30%;37;11;18%;15;10;22;19;27;10;37%;9;24%;2;7;47%;0,15;0,08;1;-;4;CM
26;V. Koziello;85;45%;38;10;20%;26;27;43;38;47;16;34%;22;58%;2;8;31%;0,01;0,01;4;1;12;CM
33;Mathieu Maertens;404;48%;249;70;56%;76;78;122;195;155;78;50%;117;47%;39;44;58%;0,22;0,04;9;-;27;CM
11;Lorenzo Paolucci;-;-;-;-;-;-;-;-;-;-;-;-;-;-;-;-;-;-;-;-;-;-;CM
20;Senne Maaike Lynen;79;42%;36;9;22%;20;20;26;33;43;17;40%;16;44%;2;9;45%;-;-;-;-;9;CM
77;David Doona Atanga;162;37%;82;39;36%;43;45;50;60;80;31;39%;29;35%;14;23;53%;0,31;0,1;1;-;11;CM
31;Torben Musel;44;41%;30;15;40%;6;7;17;18;14;6;43%;12;40%;6;4;67%;0,24;0,24;-;-;3;CM
32;C. Durkin;244;52%;115;51;65%;80;65;136;128;129;68;53%;60;52%;33;47;59%;0,79;0,07;5;-;30;CM
19;Selim Amallah;445;49%;306;77;43%;78;64;74;217;139;75;54%;142;46%;33;46;59%;0,14;0,14;7;-;38;CM
14;Bastien Toma;32;44%;9;4;25%;14;11;20;14;23;10;43%;4;44%;1;7;50%;0,08;0,04;-;-;2;CM
11;Indy Boonen;75;36%;42;10;-;22;9;18;27;33;8;24%;19;45%;-;6;27%;-;-;1;-;3;CM
11;M. Ndayishimiye;258;52%;163;7;57%;63;34;110;133;95;42;44%;91;56%;4;34;54%;-;-;-;-;14;CM
21;V. Torp;93;49%;45;16;50%;30;18;30;46;48;25;52%;21;47%;8;18;60%;0,1;0,05;1;-;11;CM
15;Gary Jean Magnee;246;52%;136;36;42%;54;87;80;129;110;56;51%;73;54%;15;27;50%;0,66;0,08;2;-;12;CM
33;Louis Verstraete;37;46%;9;11;64%;13;11;11;17;28;14;50%;3;33%;7;6;46%;-;-;2;-;4;CM
99;Alessandro Albanese;71;37%;34;5;-;25;16;23;26;37;13;35%;13;38%;-;11;44%;0,04;0,04;-;-;2;CM
8;J. Amani;363;43%;216;39;23%;83;71;122;155;147;62;42%;93;43%;9;41;49%;0,47;0,05;6;1;32;CM
12;Hamza Rafia;117;39%;78;14;43%;20;8;25;46;39;8;21%;38;49%;6;4;20%;-;-;3;-;17;CM
18;Daan Heymans;170;49%;88;59;59%;40;35;68;84;82;42;51%;42;48%;35;22;55%;0,02;0,02;2;-;7;CM
42;Jo Gilis;1;-;1;-;-;-;1;1;-;-;-;-;-;-;-;-;-;-;-;-;-;-;CM
42;Kristian Thorstvedt;577;46%;346;157;44%;96;100;179;267;231;90;39%;177;51%;69;41;43%;0,14;0,03;4;1;45;CM
24;Evangelos Patoulidis;35;40%;15;3;67%;12;9;10;14;20;8;40%;6;40%;2;4;33%;-;-;-;-;6;CM
11;Amine Benchaib;66;38%;41;12;25%;10;16;20;25;25;11;44%;14;34%;3;7;70%;0,19;0,19;1;-;6;CM
34;Nick Batzner;396;36%;200;67;16%;106;85;148;142;196;69;35%;73;37%;11;46;43%;0,61;0,09;4;-;26;CM
8;Rocco Reitz;178;49%;75;27;33%;46;56;71;88;103;49;48%;39;52%;9;27;59%;0,1;0,03;-;1;10;CM
10;I. Konstantelias;29;31%;23;-;-;3;5;10;9;6;2;33%;7;30%;-;1;33%;-;-;1;-;4;CM
6;Adem Zorgane;525;51%;252;96;47%;139;143;226;270;273;130;48%;140;56%;45;67;48%;0,74;0,07;3;-;39;CM
20;Tyreek Anthony Magee;5;40%;4;-;-;1;-;2;2;1;-;-;2;50%;-;-;-;-;-;-;-;-;CM
64;K. Kozłowski;39;44%;25;5;20%;5;15;14;17;14;5;36%;12;48%;1;2;40%;0,01;0,01;1;-;5;CM
29;Fabio Ferraro;4;100%;2;-;-;1;1;2;4;2;2;100%;2;100%;-;1;100%;-;-;-;-;-;CM
37;Olivier Dumont;4;25%;3;1;-;1;-;1;1;1;-;-;1;33%;-;-;-;-;-;-;-;-;CM
18;Abdelkahar Kadri;336;45%;210;46;30%;61;76;111;150;126;52;41%;98;47%;14;34;56%;0,23;0,04;2;1;13;CM
19;Stan Van Dessel;39;28%;20;6;-;12;5;10;11;19;6;32%;5;25%;-;6;50%;-;-;1;-;5;CM
98;Cisse Sandra;44;32%;32;12;25%;4;3;13;14;12;5;42%;9;28%;3;3;75%;0,06;0,06;-;-;3;CM
20;Bilal El Khannous;4;75%;2;-;-;2;-;-;3;2;1;50%;2;100%;-;1;50%;-;-;-;-;-;CM
23;Alieu Fadera;192;52%;110;33;48%;51;43;72;100;82;48;59%;52;47%;16;33;65%;0,11;0,11;4;-;16;CM
66;M. Delorge-Knieper;1;-;-;-;-;1;-;-;-;1;-;-;-;-;-;-;-;-;-;-;-;1;CM
42;Aske Sampers;19;21%;11;9;22%;3;-;1;4;8;2;25%;2;18%;2;2;67%;-;-;-;-;3;CM
21;Abraham Okyere;12;25%;6;3;33%;4;3;1;3;6;3;50%;-;-;1;2;50%;-;-;-;-;1;CM
39;K. Lokembo;9;67%;4;4;50%;1;4;3;6;5;5;100%;1;25%;2;1;100%;-;-;-;-;2;CM
40;Ilias Sebaoui;197;38%;145;29;34%;27;33;36;75;52;22;42%;53;37%;10;15;56%;0,55;0,18;2;-;9;CM
73;Patryk Walicki;4;-;-;-;-;1;-;-;-;4;-;-;-;-;-;-;-;-;-;-;-;-;CM
41;Ilyas Lefrancq;4;25%;3;-;-;1;-;1;1;1;1;100%;-;-;-;1;100%;-;-;-;-;-;CM
16;S. De Ridder;117;37%;60;16;56%;32;20;51;43;57;17;30%;26;43%;9;11;34%;0,1;0,03;2;-;17;DM
25;Damien Marcq;155;61%;48;35;66%;54;68;98;94;107;66;62%;28;58%;23;33;61%;0,29;0,03;1;-;17;DM
30;G. Gillet;38;55%;16;1;100%;15;6;14;21;22;13;59%;8;50%;1;10;67%;-;-;-;-;3;DM
26;Jens Cools;330;55%;87;122;55%;107;140;146;182;243;128;53%;54;62%;67;54;50%;1,83;0,11;4;-;28;DM
6;David Hubert;178;49%;42;36;58%;56;103;111;88;136;66;49%;22;52%;21;29;52%;0,56;0,09;5;1;22;DM
24;Sven Kums;380;49%;133;76;47%;131;157;238;187;247;120;49%;67;50%;36;67;51%;0,84;0,05;5;-;23;DM
26;Mats Rits;303;50%;138;74;36%;62;87;155;153;165;86;52%;67;49%;27;37;60%;1,36;0,07;3;-;25;DM
44;Ibrahima Cisse;392;58%;115;110;56%;97;240;241;228;277;159;57%;69;60%;62;61;63%;1,04;0,07;9;-;27;DM
4;J. Jeggo;122;55%;32;24;58%;44;59;67;67;90;46;51%;21;66%;14;22;50%;0,39;0,05;2;-;11;DM
28;H. Van der Bruggen;457;50%;131;119;56%;133;219;280;228;326;150;46%;78;60%;67;59;44%;1,16;0,05;3;1;35;DM
16;Rob Schoofs;516;49%;250;103;39%;123;182;287;254;266;125;47%;129;52%;40;59;48%;1,45;0,08;7;-;41;DM
38;F. Haroun;94;59%;34;32;75%;23;39;54;55;60;42;70%;13;38%;24;16;70%;0,67;0,07;6;-;14;DM
13;J. Van Damme;95;47%;30;24;63%;30;45;20;45;65;33;51%;12;40%;15;11;37%;-;-;4;-;16;DM
44;Ryota Morioka;603;52%;300;94;61%;169;150;231;312;303;157;52%;155;52%;57;91;54%;1,07;0,06;4;-;45;DM
8;Gojko Cimirot;222;46%;79;34;35%;69;64;113;103;143;61;43%;42;53%;12;32;46%;0,54;0,06;3;-;22;DM
4;K. Malinov;270;48%;66;66;47%;80;92;129;130;204;96;47%;34;52%;31;40;50%;1,63;0,18;5;2;35;DM
21;I. Seck;350;53%;221;163;56%;49;106;118;186;129;66;51%;120;54%;91;25;51%;1,61;0,18;2;-;25;DM
16;T. Pietermaat;387;57%;120;42;26%;147;129;206;220;267;149;56%;71;59%;11;88;60%;0,43;0,03;6;-;43;DM
26;K. Vandendriessche;358;48%;132;74;59%;116;174;193;172;226;103;46%;69;52%;44;42;36%;1,62;0,07;8;-;37;DM
13;Julien Ariel De Sart;606;60%;204;166;71%;177;273;312;366;402;237;59%;129;63%;118;96;54%;0,75;0,04;12;-;51;DM
20;K. Olsson;343;49%;148;51;47%;107;108;159;169;195;86;44%;83;56%;24;49;46%;0,23;0,05;7;-;23;DM
6;B. Verstraete;391;58%;116;76;51%;120;164;196;225;275;155;56%;70;60%;39;71;59%;2,1;0,08;10;1;42;DM
22;Gaetan Hendrickx;-;-;-;-;-;-;-;-;-;-;-;-;-;-;-;-;-;0,05;0,05;-;-;-;DM
8;Siebe Schrijvers;433;54%;186;66;45%;126;148;203;234;247;129;52%;105;56%;30;70;56%;1,16;0,07;7;-;39;DM
17;Patrik Hrosovsky;417;52%;168;52;42%;140;147;209;217;249;118;47%;99;59%;22;74;53%;0,4;0,05;4;-;24;DM
19;Aboubakar Keita;-;-;-;-;-;-;-;-;-;-;-;-;-;-;-;-;-;-;-;-;-;-;DM
3;É. Álvarez;415;58%;145;71;54%;132;161;148;241;270;153;57%;88;61%;38;84;64%;0,81;0,05;8;1;53;DM
6;Casper Morup Nielsen;570;49%;181;118;48%;197;192;291;278;389;191;49%;87;48%;57;102;52%;2,3;0,1;7;-;43;DM
6;Theo Pierrot;45;58%;12;17;59%;9;19;22;26;33;20;61%;6;50%;10;6;67%;0,68;0,17;1;-;3;DM
28;Marco Ilaimaharitra;435;55%;179;58;50%;121;130;230;240;256;128;50%;112;63%;29;64;53%;1,91;0,11;9;-;43;DM
22;Sulayman Marreh;3;33%;1;1;100%;-;1;2;1;2;1;50%;-;-;1;-;-;0,04;0,04;-;-;-;DM
35;Dante Rigo;49;55%;16;8;50%;19;19;18;27;33;17;52%;10;63%;4;11;58%;0,1;0,05;1;-;8;DM
4;Dries Wouters;63;59%;23;17;59%;12;23;20;37;40;23;57%;14;61%;10;6;50%;0,8;0,13;1;-;4;DM
8;Joshua Jon Cullen;507;58%;157;121;50%;146;225;295;295;350;185;53%;110;70%;61;90;62%;2,4;0,08;4;-;43;DM
21;A. De Sart;151;43%;59;33;52%;44;55;71;65;92;40;43%;25;42%;17;19;43%;0,33;0,08;3;-;12;DM
6;M. D'Arpino;441;52%;132;65;48%;173;192;219;229;309;152;49%;77;58%;31;84;49%;0,94;0,06;3;-;38;DM
23;Alfons Amade;203;47%;76;40;38%;59;86;114;95;127;56;44%;39;51%;15;29;49%;0,64;0,07;7;1;20;DM
20;C. Eiting;97;49%;39;14;29%;29;31;54;48;58;25;43%;23;59%;4;16;55%;0,16;0,05;3;-;8;DM
22;L. Lopes;570;53%;249;145;51%;118;198;223;304;321;166;52%;138;55%;74;76;64%;1,31;0,09;12;-;62;DM
98;Idrissa Doumbia;179;51%;96;25;44%;47;54;138;92;83;39;47%;53;55%;11;24;51%;0,26;0,09;5;-;21;DM
6;Elisha Owusu;237;54%;97;29;38%;49;80;96;127;140;69;49%;58;60%;11;28;57%;0,39;0,05;3;-;24;DM
16;Abdoulaye Sissako;258;53%;116;48;63%;74;69;84;136;142;74;52%;62;53%;30;39;53%;0,19;0,03;6;1;22;DM
8;Bryan Heynen;582;57%;241;123;64%;168;199;249;334;341;199;58%;135;56%;79;95;57%;1,11;0,09;5;1;40;DM
8;Ante Palaversa;370;52%;116;97;57%;117;177;256;191;254;126;50%;65;56%;55;52;44%;1,69;0,07;7;1;18;DM
15;Daouda Peeters;38;55%;9;7;71%;15;13;22;21;29;16;55%;5;56%;5;8;53%;0,17;0,17;3;-;3;DM
14;Jerome Deom;224;43%;133;31;19%;49;45;56;97;91;44;48%;53;40%;6;26;53%;0,23;0,06;6;-;20;DM
11;Mathias Fixelles;150;43%;59;27;37%;49;58;54;65;91;38;42%;27;46%;10;23;47%;0,37;0,07;4;1;16;DM
17;Samuel Oum Oum Gouet;295;54%;95;89;52%;67;102;146;160;200;98;49%;62;65%;46;37;55%;1,09;0,08;3;-;23;DM
15;Boya Thierry Boya;246;61%;68;81;67%;54;126;89;150;178;102;57%;48;71%;54;24;44%;2,2;0,1;6;1;22;DM
26;N. Raskin;447;47%;180;67;46%;151;115;182;208;267;120;45%;88;49%;31;77;51%;0,4;0,06;9;-;62;DM
18;Majeed Ashimeru;181;54%;80;14;36%;69;62;122;98;101;46;46%;52;65%;5;35;51%;0,05;0,05;4;1;15;DM
98;F. Kanoute;43;56%;23;6;50%;9;13;32;24;20;7;35%;17;74%;3;2;22%;-;-;2;-;8;DM
10;Kenny Rocha Santos;478;40%;280;87;37%;104;94;172;193;198;76;38%;117;42%;32;45;43%;0,3;0,06;5;-;40;DM
23;Cameron Puertas;64;25%;39;8;25%;18;2;13;16;25;9;36%;7;18%;2;8;44%;-;-;2;-;6;DM
28;I. Coulibaly;216;50%;83;25;48%;78;64;99;107;133;59;44%;48;58%;12;37;47%;0,22;0,04;4;-;26;DM
33;Vinicius Costa;716;64%;195;240;67%;162;289;264;459;521;326;63%;133;68%;161;105;65%;3,5;0,08;11;1;55;DM
6;Mory Konate;431;56%;172;92;70%;108;164;185;242;259;139;54%;103;60%;64;59;55%;0,7;0,04;5;-;41;DM
15;Sami Lahssaini;129;45%;54;19;21%;33;32;54;58;75;33;44%;25;46%;4;18;55%;0,16;0,05;2;-;11;DM
39;Edo Kayembe;257;53%;137;51;49%;56;55;139;135;120;62;52%;73;53%;25;26;46%;0,27;0,05;3;-;12;DM
56;R. De Poorter;-;-;-;-;-;-;-;1;-;-;-;-;-;-;-;-;-;-;-;-;-;1;DM
14;Charles Vanhoutte;373;51%;159;96;46%;101;129;162;191;214;111;52%;80;50%;44;56;55%;0,9;0,13;3;-;30;DM
55;Marco Kana;78;42%;25;10;20%;23;32;35;33;53;19;36%;14;56%;2;11;48%;0,42;0,05;1;-;13;DM
8;A. Yusuf;452;54%;206;72;44%;127;115;192;242;246;129;52%;113;55%;32;72;57%;0,81;0,06;4;-;38;DM
37;Bas Van Den Eynden;22;55%;6;8;38%;7;7;4;12;16;10;62%;2;33%;3;5;71%;-;-;-;-;-;DM
14;Sambou Sissoko;148;60%;45;49;45%;32;54;64;89;103;63;61%;26;58%;22;25;78%;0,41;0,08;3;-;6;DM
6;Moises Caicedo;148;45%;81;26;35%;31;25;50;66;67;30;45%;36;44%;9;16;52%;0,07;0,02;2;-;11;DM
5;R. Djedje;33;30%;9;4;50%;7;17;8;10;24;6;25%;4;44%;2;1;14%;0,26;0,09;-;-;5;DM
15;Jay-Dee Geusens;2;-;-;-;-;2;1;-;-;2;-;-;-;-;-;-;-;-;-;-;-;1;DM
17;M. Cachbach;139;45%;66;22;41%;45;31;39;62;73;32;44%;30;45%;9;19;42%;0,16;0,04;1;1;8;DM
72;Noah Mbamba-Muanda;107;63%;45;22;50%;16;26;29;67;62;37;60%;30;67%;11;13;81%;0,05;0,05;2;-;9;DM
27;Lamine Mandela Keita;287;64%;112;39;56%;74;91;102;184;175;110;63%;74;66%;22;53;72%;1,8;0,09;5;-;25;DM
15;Adewale Oladoye;10;70%;4;3;67%;1;3;3;7;6;5;83%;2;50%;2;1;100%;-;-;-;-;-;DM
36;Noah Mawete Kinsiona;3;67%;2;1;100%;-;-;1;2;1;1;100%;1;50%;1;-;-;-;-;-;-;1;DM
27;Romain Donnez;-;-;-;-;-;-;1;-;-;-;-;-;-;-;-;-;-;-;-;-;-;-;DM
32;Matteo Renzulli;3;33%;2;1;100%;-;3;-;1;1;-;-;1;50%;1;-;-;-;-;-;-;-;DM
29;Bas Leon Dost;235;47%;196;164;53%;14;26;25;110;39;11;28%;99;51%;87;3;21%;0,06;0,06;1;-;13;F
18;Saido Berahino;9;67%;7;4;50%;1;-;3;6;2;2;100%;4;57%;2;1;100%;-;-;-;-;1;F
10;I. de Camargo;125;45%;108;79;47%;3;8;14;56;17;7;41%;49;45%;37;2;67%;0,03;0,03;-;-;7;F
9;Jelle Vossen;380;38%;245;132;46%;66;78;118;144;135;49;36%;95;39%;61;23;35%;0,48;0,1;3;1;23;F
10;Musashi Suzuki;316;31%;254;98;32%;26;23;21;99;62;13;21%;86;34%;31;7;27%;1,06;0,21;1;-;25;F
93;Zinho Gano;741;45%;638;411;51%;36;47;72;335;103;36;35%;299;47%;210;14;39%;1,26;0,13;2;-;40;F
7;Ilombe Mboyo;165;36%;145;72;39%;8;5;21;60;20;5;25%;55;38%;28;2;25%;-;-;1;-;10;F
9;Benito Raman;241;31%;164;46;26%;46;22;48;74;77;21;27%;53;32%;12;13;28%;0,17;0,09;2;1;18;F
9;T. Chevalier;59;31%;40;15;7%;7;5;18;18;19;6;32%;12;30%;1;5;71%;-;-;1;-;4;F
24;Isaac Thelin;46;41%;39;20;50%;1;1;8;19;7;4;57%;15;38%;10;1;100%;-;-;-;-;6;F
23;Rachid Alioui;31;48%;21;13;54%;2;2;6;15;10;6;60%;9;43%;7;-;-;-;-;1;-;2;F
29;Laurent Depoitre;486;40%;403;186;52%;35;36;60;196;83;25;30%;171;42%;96;15;43%;0,03;0,03;1;-;30;F
99;Kaveh Rezaei;72;40%;57;30;40%;7;5;13;29;15;7;47%;22;39%;12;5;71%;-;-;1;-;5;F
11;Darko Lemajic;267;51%;222;164;58%;17;18;17;136;45;16;36%;120;54%;95;9;53%;0,67;0,17;3;-;13;F
18;Renaud Emond;169;33%;131;92;33%;18;16;19;55;38;16;42%;39;30%;30;5;28%;0,39;0,2;4;-;11;F
99;Michael Frey;890;38%;724;368;40%;62;49;94;340;166;67;40%;273;38%;146;36;58%;0,08;0,08;3;-;57;F
70;Mbwana Ally Samatta;390;41%;330;157;40%;21;23;56;161;60;29;48%;132;40%;63;13;62%;0,12;0,06;2;1;16;F
77;Mamadou Kone;22;32%;16;3;33%;3;2;2;7;6;1;17%;6;38%;1;1;33%;-;-;1;-;2;F
34;Tarik Tissoudali;547;37%;446;85;25%;50;43;114;201;101;32;32%;169;38%;21;24;48%;-;-;4;-;16;F
20;F. Avenatti;248;43%;208;103;57%;23;22;26;106;40;12;30%;94;45%;59;7;30%;-;-;5;-;17;F
17;Lawrence Shankland;434;34%;333;108;33%;45;33;60;146;101;36;36%;110;33%;36;21;47%;0,32;0,08;2;-;11;F
9;Yuma Suzuki;274;38%;227;106;37%;11;15;19;104;47;10;21%;94;41%;39;4;36%;0,54;0,18;4;-;10;F
9;Thomas Henry;84;37%;75;26;50%;3;4;10;31;9;2;22%;29;39%;13;-;-;-;-;1;-;5;F
18;Ebere Paul Onuachu;698;39%;617;279;46%;34;44;47;273;81;31;38%;242;39%;127;21;62%;0,49;0,1;3;-;54;F
9;Sargis Adamyan;202;30%;156;44;16%;34;11;25;61;46;16;35%;45;29%;7;15;44%;0,01;0,01;1;-;12;F
21;Marko Kvasina;214;41%;177;123;46%;21;19;29;87;37;12;32%;75;42%;57;8;38%;0,05;0,03;3;-;10;F
68;T. Ambrose;769;37%;639;291;40%;53;44;95;284;130;32;25%;252;39%;115;16;30%;0,09;0,05;4;-;32;F
18;Chris Vianney Bedia;89;36%;75;32;31%;4;3;8;32;14;4;29%;28;37%;10;1;25%;-;-;-;-;10;F
17;Carlos Apna Embalo;34;15%;22;6;17%;3;4;11;5;12;2;17%;3;14%;1;-;-;-;-;1;-;3;F
13;Dante Vanzeir;431;32%;325;73;33%;53;34;71;136;106;34;32%;102;31%;24;19;36%;0,2;0,04;3;1;24;F
9;C. Dessers;29;24%;25;8;-;-;1;1;7;4;-;-;7;28%;-;-;-;-;-;-;-;2;F
35;S. Ganvoula;35;51%;32;20;65%;1;4;4;18;3;-;-;18;56%;13;-;-;0,07;0,07;-;-;1;F
9;Smail Prevljak;439;32%;353;145;23%;34;35;48;139;86;30;35%;109;31%;33;13;38%;1,18;0,3;5;-;35;F
21;Ike Dominique Ugbo;141;29%;120;52;25%;9;10;17;41;21;7;33%;34;28%;13;7;78%;0,02;0,02;1;-;5;F
9;Johannes Eggestein;99;31%;73;35;20%;15;5;16;31;26;11;42%;20;27%;7;7;47%;-;-;-;-;3;F
7;B. Eleke;17;47%;13;10;50%;-;-;-;8;4;1;25%;7;54%;5;-;-;-;-;-;-;1;F
10;S. Nicholson;273;42%;235;121;53%;13;15;27;116;38;16;42%;100;43%;64;4;31%;0,25;0,13;1;-;13;F
10;Y. Badji;132;30%;113;56;39%;7;8;20;40;19;2;11%;38;34%;22;-;-;-;-;-;-;7;F
9;Marius Noubissi;197;37%;173;58;22%;10;13;38;73;24;9;38%;64;37%;13;4;40%;-;-;1;1;15;F
9;Ferdy Druijf;139;46%;107;52;58%;15;16;17;64;32;14;44%;50;47%;30;9;60%;0,4;0,2;1;-;9;F
9;Deniz Undav;785;34%;603;151;32%;89;72;114;267;182;51;28%;216;36%;48;27;30%;0,25;0,06;8;-;66;F
7;Wesley;23;43%;19;6;50%;-;1;5;10;4;-;-;10;53%;3;-;-;-;-;-;-;1;F
7;J. Ngoy;308;31%;257;43;14%;14;19;44;96;51;13;25%;83;32%;6;5;36%;0,16;0,05;2;-;22;F
99;C. Kouame;602;41%;495;172;51%;57;53;94;249;107;42;39%;207;42%;87;30;53%;0,06;0,02;5;1;36;F
11;Alex Millan Iranzo;321;37%;266;135;40%;26;20;43;120;55;17;31%;103;39%;54;10;38%;-;-;2;-;21;F
9;Youssouf Bayo;324;36%;271;139;39%;29;26;37;118;53;16;30%;102;38%;54;11;38%;-;-;2;-;18;F
7;Denis Mihai Dragus;362;36%;260;53;28%;68;22;56;132;102;35;34%;97;37%;15;28;41%;0,68;0,68;3;-;25;F
88;Youssef Maziz;413;35%;296;73;21%;55;55;155;145;117;38;32%;107;36%;15;25;45%;0,07;0,07;4;-;16;F
39;C. Herrmann;69;26%;51;24;21%;8;7;11;18;18;5;28%;13;25%;5;4;50%;-;-;-;-;6;F
14;H. Cuypers;748;37%;544;293;32%;102;98;110;275;204;82;40%;193;35%;95;47;46%;1,01;0,11;2;-;29;F
19;Rocha Miramar;64;41%;61;41;44%;1;6;4;26;3;2;67%;24;39%;18;1;100%;-;-;1;-;6;F
14;Nauris Petkevicius;25;20%;14;10;10%;7;2;1;5;11;2;18%;3;21%;1;1;14%;-;-;-;-;2;F
9;A. Denkey;399;37%;322;156;29%;31;25;51;146;77;26;34%;120;37%;45;15;48%;0,01;0,01;2;-;18;F
9;Sory Kaba;413;30%;346;142;24%;23;45;44;124;67;16;24%;108;31%;34;6;26%;0,06;0,03;2;1;22;F
9;Klauss;449;41%;377;155;41%;32;52;61;183;72;27;38%;156;41%;64;15;47%;0,03;0,03;8;-;25;F
23;A. Tapsoba;200;38%;151;67;31%;27;15;37;76;49;23;47%;53;35%;21;18;67%;-;-;4;-;27;F
17;H. Guèye;340;32%;292;157;36%;19;14;32;108;48;12;25%;96;33%;56;7;37%;0,03;0,03;4;-;25;F
18;Taichi Hara;607;38%;529;345;45%;27;26;94;228;78;15;19%;213;40%;155;4;15%;0,26;0,07;6;-;34;F
23;Yonas Malede;170;41%;134;24;29%;13;11;28;69;36;17;47%;52;39%;7;10;77%;0,1;0,1;-;-;9;F
19;Muhammed Badamosi;368;44%;301;207;49%;18;33;28;161;67;36;54%;125;42%;102;8;44%;0,02;0,02;4;-;35;F
23;J. Zirkzee;496;35%;385;102;29%;63;61;86;174;111;38;34%;136;35%;30;30;48%;0,18;0,18;2;-;18;F
90;Charles De Ketelaere;703;45%;527;147;40%;98;105;122;314;176;77;44%;237;45%;59;55;56%;0,59;0,15;4;-;18;F
9;Billal Messaoudi;276;39%;235;66;17%;15;21;37;107;41;16;39%;91;39%;11;10;67%;0,79;0,16;-;-;15;F
30;N. Balongo;70;21%;52;20;25%;10;6;11;15;18;5;28%;10;19%;5;3;30%;0,04;0,04;-;-;4;F
39;A. Allemeersch;23;52%;19;8;38%;3;1;3;12;4;4;100%;8;42%;3;3;100%;-;-;-;-;-;F
17;J. Muleka;298;36%;239;106;35%;21;17;34;106;59;20;34%;86;36%;37;10;48%;0,11;0,11;3;-;20;F
30;D. Pérez;21;24%;18;11;27%;3;3;3;5;3;1;33%;4;22%;3;1;33%;-;-;2;-;2;F
9;Makhtar Gueye;649;32%;538;219;36%;51;36;73;210;111;36;32%;174;32%;78;22;43%;0,7;0,12;10;-;36;F
9;Georges Mikautadze;573;29%;482;141;16%;28;34;69;166;91;22;24%;144;30%;23;8;29%;-;-;3;-;31;F
10;Marius Mouandilmadji;354;30%;304;184;30%;19;24;26;105;50;15;30%;90;30%;56;8;42%;0,22;0,22;4;-;14;F
35;Andras Nemeth;18;44%;12;3;-;5;4;2;8;6;2;33%;6;50%;-;2;40%;-;-;-;-;1;F
21;M. Essahel;8;25%;5;3;33%;1;2;3;2;3;2;67%;-;-;1;1;100%;-;-;-;-;-;F
15;Daichi Hayashi;462;30%;342;107;20%;58;37;60;140;120;38;32%;102;30%;21;24;41%;0,09;0,02;3;-;32;F
15;A. Descotte;33;42%;20;6;50%;8;5;3;14;13;7;54%;7;35%;3;5;63%;-;-;-;-;2;F
29;Isaac Nuhu;297;35%;212;43;33%;36;38;87;105;85;26;31%;79;37%;14;9;25%;0,19;0,19;5;-;11;F
44;Emanuel Esseh Emegha;9;33%;8;5;40%;1;-;2;3;1;1;100%;2;25%;2;1;100%;-;-;-;-;1;F
17;M. Kukharevych;56;29%;38;16;19%;9;11;9;16;18;5;28%;11;29%;3;4;44%;-;-;-;-;5;F
22;Bruny Nsimba;5;60%;3;-;-;2;1;3;3;2;2;100%;1;33%;-;2;100%;-;-;-;-;-;F
52;Mario Stroeykens;31;32%;25;7;14%;3;-;4;10;6;2;33%;8;32%;1;1;33%;0,03;0,03;-;-;-;F
38;David Mukuna Trouet;12;17%;11;2;50%;1;1;1;2;1;-;-;2;18%;1;-;-;-;-;-;-;1;F
27;Abderahmane Soussi;16;38%;12;10;40%;1;1;1;6;4;3;75%;3;25%;4;1;100%;-;-;1;-;1;F
17;Dario Oger;1;-;1;-;-;-;1;-;-;-;-;-;-;-;-;-;-;-;-;-;-;-;F
24;Ziani Ilyes;5;20%;4;1;-;-;-;3;1;1;-;-;1;25%;-;-;-;-;-;-;-;-;F
41;Camil Mmaee Nwameben;4;-;4;1;-;-;-;-;-;-;-;-;-;-;-;-;-;-;-;-;-;-;F
61;Zakaria Silini;7;14%;6;1;-;-;2;-;1;1;-;-;1;17%;-;-;-;-;-;1;-;1;F
18;Amadou Keita;27;22%;18;5;-;1;2;1;6;9;1;11%;5;28%;-;1;100%;-;-;-;-;3;F
12;Lorenzo Offermann;5;20%;5;1;-;-;-;-;1;-;-;-;1;20%;-;-;-;-;-;-;-;-;F
27;L. De Bock;315;62%;58;62;63%;110;184;147;196;257;158;61%;38;66%;39;67;61%;2,5;0,1;7;-;32;LD
30;Kristof D'Haene;299;47%;113;27;30%;99;115;198;142;186;91;49%;51;45%;8;56;57%;1,43;0,08;10;-;40;LD
3;Lucas Bijker;340;57%;105;83;49%;65;132;152;193;235;138;59%;55;52%;41;44;68%;1,27;0,1;5;-;21;LD
2;Eduard Sobol;331;61%;137;62;76%;82;106;131;203;194;120;62%;83;61%;47;46;56%;1,55;0,12;6;1;32;LD
25;A. Corryn;80;68%;22;19;63%;24;32;32;54;58;39;67%;15;68%;12;16;67%;0,03;0,03;-;-;5;LD
8;G. Kilota;501;48%;282;106;38%;98;168;175;241;219;108;49%;133;47%;40;52;53%;0,65;0,07;4;-;27;LD
24;Nicolas Gavory;127;62%;40;34;62%;40;58;75;79;87;60;69%;19;48%;21;31;78%;0,7;0,23;1;-;9;LD
14;B. Mykhaylichenko;129;63%;41;26;62%;37;48;52;81;88;57;65%;24;59%;16;22;59%;0,66;0,11;2;-;14;LD
18;F. Ricca;86;52%;32;33;52%;12;31;30;45;54;31;57%;14;44%;17;6;50%;0,78;0,13;1;-;7;LD
19;Dimitar Velkovski;223;50%;66;47;53%;71;121;130;111;157;78;50%;33;50%;25;39;55%;0,57;0,05;2;-;14;LD
18;Senna Malik Miangue;256;68%;84;103;74%;40;109;133;174;172;118;69%;56;67%;76;29;73%;1,57;0,09;4;-;23;LD
11;C. Maouassa;51;49%;22;7;43%;11;15;15;25;29;12;41%;13;59%;3;4;36%;0,02;0,02;-;-;6;LD
3;C. Operi;98;61%;47;26;50%;30;32;38;60;51;34;67%;26;55%;13;23;77%;0,73;0,15;1;-;6;LD
29;Thibault De Smet;243;55%;75;62;48%;76;95;126;133;168;104;62%;29;39%;30;50;66%;1,65;0,12;10;3;29;LD
17;Sergio Gomez Martin;427;58%;179;51;43%;123;193;227;247;248;139;56%;108;60%;22;79;64%;0,36;0,06;4;-;22;LD
5;G. Arteaga;429;53%;172;81;52%;105;148;176;227;257;140;54%;87;51%;42;53;50%;1,18;0,09;4;1;21;LD
21;S. Vines;300;58%;101;63;48%;76;103;120;173;199;125;63%;48;48%;30;57;75%;0,69;0,09;3;-;9;LD
14;N. Nkounkou;328;58%;136;77;55%;81;117;124;189;192;119;62%;70;51%;42;55;68%;1,13;0,13;5;-;27;LD
31;Alexandro Calut;99;59%;34;26;65%;24;41;37;58;65;38;58%;20;59%;17;13;54%;0,17;0,06;1;-;9;LD
57;W. Debuyser;9;33%;4;1;-;-;6;10;3;5;1;20%;2;50%;-;-;-;-;-;-;-;1;LD
18;Yassine Ben Hamed;7;43%;3;2;50%;1;2;2;3;4;1;25%;2;67%;1;-;-;-;-;-;-;-;LD
50;Laurit Krasniqi;-;-;-;-;-;-;-;1;-;-;-;-;-;-;-;-;-;-;-;-;-;-;LD
22;M. Lestienne;27;33%;17;3;-;6;7;17;9;10;4;40%;5;29%;-;3;50%;-;-;2;-;3;LM
7;V. Fischer;187;31%;129;21;19%;34;32;48;58;58;22;38%;36;28%;4;14;41%;0,21;0,05;1;-;1;LM
11;Lior Refaelov;368;43%;226;22;27%;93;64;112;157;142;63;44%;94;42%;6;49;53%;0,21;0,07;2;-;30;LM
21;Jose Izquierdo;7;29%;4;4;-;-;1;6;2;3;-;-;2;50%;-;-;-;-;-;-;-;-;LM
11;Nikola Storm;411;38%;264;66;18%;82;92;140;157;147;52;35%;105;40%;12;36;44%;0,25;0,08;2;1;16;LM
7;Y. Aguemon;21;33%;12;3;67%;4;2;7;7;9;5;56%;2;17%;2;2;50%;-;-;-;-;1;LM
77;D. Henen;18;44%;10;6;50%;2;1;10;8;8;4;50%;4;40%;3;2;100%;0,08;0,08;-;-;1;LM
6;S. Juklerød;117;49%;40;24;54%;24;43;61;57;77;40;52%;17;43%;13;11;46%;0,34;0,06;-;-;9;LM
17;Jean-Luc Dompe;359;43%;291;38;34%;34;50;157;156;68;19;28%;137;47%;13;10;29%;0,13;0,07;3;-;7;LM
25;Nurio Fortuna;385;51%;184;70;51%;80;135;128;198;201;121;60%;77;42%;36;50;63%;0,33;0,06;2;-;42;LM
10;T. Bongonda;343;43%;243;39;31%;62;39;93;146;100;41;41%;105;43%;12;28;45%;0,02;0,02;3;-;10;LM
12;Joris Kayembe Ditu;615;53%;322;85;44%;141;170;201;323;293;160;55%;163;51%;37;77;55%;0,88;0,07;4;-;34;LM
24;Casper De Norre;349;44%;180;34;35%;87;99;177;155;169;88;52%;67;37%;12;50;57%;1,65;0,11;5;-;15;LM
10;Faiz Selemani;563;40%;403;81;41%;79;126;119;224;160;69;43%;155;38%;33;39;49%;0,79;0,09;4;-;17;LM
12;Antoine Rudy Bernier;454;41%;304;91;21%;76;79;93;188;150;68;45%;120;39%;19;42;55%;0,28;0,09;3;-;30;LM
18;Morgan Paul Poaty;287;57%;127;60;58%;55;117;143;163;160;94;59%;69;54%;35;31;56%;1,49;0,11;2;-;16;LM
2;Ko Matsubara;53;42%;15;11;55%;18;29;28;22;38;20;53%;2;13%;6;10;56%;0,02;0,02;-;-;4;LM
24;Mathieu Cafaro;197;47%;111;21;33%;57;40;52;93;86;30;35%;63;57%;7;21;37%;0,24;0,12;5;-;16;LM
23;Tatsuya Ito;11;45%;7;1;100%;3;3;7;5;4;2;50%;3;43%;1;2;67%;-;-;-;-;1;LM
10;Giorgi Chakvetadze;76;42%;56;6;-;12;7;22;32;20;5;25%;27;48%;-;5;42%;-;-;-;1;5;LM
7;Waldo Rubio Martin;50;38%;32;10;10%;14;8;18;19;18;7;39%;12;37%;1;5;36%;-;-;2;-;6;LM
11;Rabbi Matondo;560;32%;440;93;16%;56;45;88;182;120;36;30%;146;33%;15;25;45%;0,03;0,03;4;1;17;LM
51;Eric Ocansey;33;52%;20;4;25%;5;5;9;17;13;7;54%;10;50%;1;3;60%;0,06;0,03;-;-;1;LM
11;Bassem Srarfi;127;61%;60;9;56%;36;34;34;78;67;37;55%;41;68%;5;23;64%;0,06;0,06;4;-;9;LM
14;A. Koita;284;49%;173;31;35%;56;46;70;138;111;62;56%;76;44%;11;33;59%;0,25;0,06;4;-;17;LM
21;D. Okereke;10;40%;5;4;50%;2;-;5;4;5;2;40%;2;40%;2;1;50%;-;-;-;-;-;LM
77;Leon Krekovic;52;38%;29;9;22%;17;10;26;20;23;9;39%;11;38%;2;9;53%;-;-;-;-;4;LM
94;L.Lapoussin;798;46%;502;61;38%;190;157;229;364;296;130;44%;234;47%;23;92;48%;0,26;0,03;5;-;32;LM
10;Thody Elie Youan;8;38%;6;4;50%;1;3;-;3;2;1;50%;2;33%;2;1;100%;-;-;-;-;-;LM
7;T. Matam;367;36%;166;45;31%;115;117;156;131;201;79;39%;52;31%;14;52;45%;1,61;0,18;6;-;19;LM
10;Noa Noеll Lang;572;38%;453;53;28%;49;44;146;219;119;44;37%;175;39%;15;25;51%;0,08;0,04;8;1;33;LM
13;L. Cacace;271;51%;124;23;43%;75;86;112;139;147;80;54%;59;48%;10;49;65%;0,93;0,16;2;-;26;LM
7;M. Sorinola;25;60%;10;4;75%;9;10;18;15;15;9;60%;6;60%;3;5;56%;0,02;0,02;3;-;6;LM
11;Ramiro Vaca Ponce;226;33%;115;34;15%;70;67;109;75;111;46;41%;29;25%;5;32;46%;0,46;0,07;2;-;13;LM
28;J. Paintsil;207;38%;157;20;25%;23;19;63;78;50;15;30%;63;40%;5;7;30%;0,03;0,03;3;-;8;LM
70;Anass Zaroury;349;37%;249;31;19%;59;34;99;130;100;29;29%;101;41%;6;21;36%;0,48;0,1;-;-;14;LM
29;Robbie D'Haese;215;31%;98;31;29%;69;63;67;67;117;33;28%;34;35%;9;22;32%;0,36;0,06;2;-;9;LM
13;Sibiry Keita;47;47%;26;7;43%;9;10;15;22;21;13;62%;9;35%;3;4;44%;-;-;1;-;5;LM
11;Ali Sanogo;7;43%;6;3;-;-;2;3;3;1;-;-;3;50%;-;-;-;-;-;1;-;1;LM
18;Kaoru Mitoma;376;52%;236;43;49%;72;78;113;194;140;79;56%;115;49%;21;45;63%;0,38;0,05;4;-;19;LM
54;Dion de Neve;173;39%;90;26;23%;48;31;34;67;83;42;51%;25;28%;6;26;54%;0,07;0,03;1;-;7;LM
46;Anouar Ait El Hadj;138;35%;78;9;22%;40;36;78;48;60;21;35%;27;35%;2;17;42%;0,07;0,02;1;-;7;LM
3;Teddy Alloh;143;46%;78;17;47%;24;32;28;66;65;38;58%;28;36%;8;16;67%;0,06;0,03;1;-;7;LM
11;K. Jocelyn;379;45%;284;40;38%;44;49;80;169;95;41;43%;128;45%;15;21;48%;0,43;0,14;3;-;21;LM
24;Luca Oyen;215;38%;150;35;14%;25;35;43;81;65;20;31%;61;41%;5;12;48%;0,02;0,02;-;-;2;LM
23;Anas Nanah;7;43%;2;1;-;1;4;6;3;5;3;60%;-;-;-;1;100%;-;-;-;-;2;LM
25;Tuur Rommens;-;-;-;-;-;-;-;-;-;-;-;-;-;-;-;-;-;-;-;-;-;-;LM
34;Thibo Somers;489;37%;344;224;38%;95;74;81;180;145;54;37%;126;37%;86;39;41%;0,31;0,16;2;-;35;LM
8;Cameron Humphries;10;80%;3;3;67%;1;13;5;8;7;5;71%;3;100%;2;-;-;0,24;0,12;-;-;-;LM
38;Cihan Canak;17;53%;12;2;50%;4;3;4;9;5;2;40%;7;58%;1;2;50%;-;-;-;-;-;LM
32;Brahim Ghalidi;-;-;-;-;-;-;2;3;-;-;-;-;-;-;-;-;-;-;-;-;-;-;LM
10;M. Balikwisha;423;43%;273;53;23%;80;70;102;184;150;62;41%;122;45%;12;44;55%;0,11;0,02;3;-;20;LM
57;Maidine Douane;15;27%;6;2;-;6;1;4;4;9;3;33%;1;17%;-;3;50%;-;-;-;-;1;LM
32;A. Nusa;19;53%;13;1;100%;3;2;1;10;6;4;67%;6;46%;1;2;67%;-;-;-;-;-;LM
85;Arnaud Dony;32;59%;13;8;75%;8;10;10;19;19;11;58%;8;62%;6;4;50%;0,16;0,16;-;-;1;LM
25;Alessio Sternon;2;50%;-;1;-;1;-;3;1;2;1;50%;-;-;-;1;100%;-;-;-;-;-;LM
59;Julien Duranville;1;-;1;-;-;-;-;-;-;-;-;-;-;-;-;-;-;-;-;-;-;1;LM
6;Denis Frimpong Odoi;212;60%;78;63;56%;43;79;75;127;134;79;59%;48;62%;35;27;63%;0,56;0,05;6;-;20;RD
5;Sandy Walsh;394;52%;146;132;57%;80;161;179;206;248;137;55%;69;47%;75;38;48%;2,4;0,08;4;-;30;RD
40;D. Opare;134;53%;71;23;43%;26;42;42;71;63;37;59%;34;48%;10;17;65%;-;-;-;-;9;RD
27;Brecht Capon;311;60%;79;81;56%;98;145;145;186;232;136;59%;50;63%;45;57;58%;1,78;0,1;2;-;25;RD
77;Clinton Mata;543;59%;260;97;63%;108;170;205;323;283;178;63%;145;56%;61;70;65%;2,4;0,09;6;-;44;RD
37;Francois D'Onofrio;3;33%;1;1;-;1;3;2;1;2;1;50%;-;-;-;1;100%;-;-;-;-;1;RD
2;Gilles Dewaele;344;56%;97;103;64%;86;170;125;193;247;151;61%;42;43%;66;50;58%;1,87;0,07;5;-;31;RD
2;Iebe Swers;114;43%;47;28;32%;24;45;46;49;67;28;42%;21;45%;9;13;54%;0,49;0,16;-;-;10;RD
22;Bent Langassve Sormo;107;57%;39;17;65%;29;50;50;61;68;45;66%;16;41%;11;23;79%;0,36;0,09;1;-;3;RD
21;C. Fai;62;65%;21;18;67%;16;26;50;40;41;28;68%;12;57%;12;9;56%;0,1;0,03;2;2;10;RD
5;D. Cools;111;56%;29;21;71%;38;50;41;62;82;49;60%;13;45%;15;24;63%;0,9;0,15;3;-;11;RD
4;Kyle Duncan;122;44%;54;26;62%;25;37;47;54;68;30;44%;24;44%;16;11;44%;0,25;0,08;2;1;16;RD
14;Alessandro Ciranni;254;50%;83;49;55%;75;119;129;126;171;90;53%;36;43%;27;39;52%;0,99;0,08;4;-;22;RD
62;Michael Murillo;464;59%;215;123;65%;97;176;194;273;249;171;69%;102;47%;80;72;74%;0,84;0,08;8;3;29;RD
4;Jules Van Cleemput;253;61%;76;87;68%;61;165;124;155;177;115;65%;40;53%;59;32;52%;1,94;0,1;3;-;19;RD
27;M. Halaimia;273;59%;98;55;60%;96;151;135;161;175;99;57%;62;63%;33;51;53%;0,75;0,05;4;-;15;RD
23;Daniel Munoz Mejia;408;59%;137;67;58%;121;148;195;241;271;163;60%;78;57%;39;83;69%;1,02;0,08;6;-;41;RD
2;Bryan Keith Reynolds;104;63%;42;23;70%;21;42;40;66;62;42;68%;24;57%;16;17;81%;0,55;0,07;-;-;9;RD
2;Vitinho;388;58%;158;55;53%;111;165;134;225;230;141;61%;84;53%;29;72;65%;1,92;0,12;3;-;27;RD
77;A. Preciado;250;64%;126;43;65%;56;83;123;161;124;85;69%;76;60%;28;38;68%;0,77;0,09;4;-;20;RD
54;Killian Sardella;43;51%;18;10;40%;13;16;12;22;25;13;52%;9;50%;4;7;54%;0,13;0,07;1;-;4;RD
28;Ignace Van der Brempt;110;52%;61;19;37%;28;22;5;57;49;33;67%;24;39%;7;23;82%;0,09;0,05;1;1;5;RD
22;Tsotne Bendianishvili;1;-;-;-;-;-;1;-;-;1;-;-;-;-;-;-;-;0,03;0,03;-;-;-;RD
8;Robbe Decostere;149;62%;33;38;50%;54;85;93;92;116;77;66%;15;45%;19;41;76%;1,47;0,29;4;-;10;RD
6;Jannes Van Hecke;86;55%;26;24;46%;21;40;37;47;60;32;53%;15;58%;11;12;57%;0,52;0,1;3;-;12;RD
2;Hugo Siquet;175;58%;49;48;52%;52;80;75;101;126;73;58%;28;57%;25;34;65%;1,07;0,18;5;-;14;RD
17;Robbe Quirynen;19;58%;8;3;33%;5;13;7;11;11;6;55%;5;63%;1;4;80%;0,14;0,03;-;-;-;RD
25;Nayel Mehssatou;78;51%;39;10;50%;12;36;43;40;39;21;54%;19;49%;5;9;75%;0,82;0,09;-;-;4;RD
27;Noah Sadiki;13;69%;2;-;-;6;4;1;9;11;7;64%;2;100%;-;3;50%;0,09;0,09;-;-;2;RD
32;Andreas Beck;379;52%;177;133;48%;92;111;135;196;202;114;56%;82;46%;64;54;59%;2,6;0,11;6;-;21;RM
7;Geoffry Hairemans;333;41%;177;78;35%;100;66;119;137;156;59;38%;78;44%;27;44;44%;0,34;0,09;6;-;23;RM
19;Gianni Bruno;74;34%;60;21;24%;7;5;17;25;14;4;29%;21;35%;5;3;43%;-;-;-;-;4;RM
10;Mehdi Carcela;168;48%;119;9;22%;26;16;31;81;49;20;41%;61;51%;2;8;31%;0,02;0,02;1;-;9;RM
19;Guillaume Francois;109;45%;35;14;57%;38;45;56;49;74;34;46%;15;43%;8;18;47%;0,39;0,1;3;-;16;RM
11;Nill De Pauw;1;100%;1;-;-;-;1;1;1;-;-;-;1;100%;-;-;-;-;-;-;-;-;RM
8;Onur Kaya;20;35%;12;-;-;8;4;9;7;8;3;37%;4;33%;-;3;37%;-;-;-;-;2;RM
5;Joren Dom;422;52%;142;142;48%;126;158;166;219;280;152;54%;67;47%;68;71;56%;2,8;0,12;4;-;29;RM
18;Barnabas Bese;35;37%;20;13;46%;6;16;16;13;15;7;47%;6;30%;6;2;33%;0,04;0,04;-;-;3;RM
2;Bart Nieuwkoop;525;47%;210;125;56%;148;172;143;249;315;166;53%;83;40%;70;82;55%;0,93;0,08;8;-;47;RM
29;Marlos Moreno Duran;537;50%;360;79;32%;104;75;92;270;177;90;51%;180;50%;25;63;61%;0,14;0,03;5;-;33;RM
7;Isaac Mbenza;26;46%;15;1;-;2;11;14;12;11;7;64%;5;33%;-;1;50%;-;-;-;-;3;RM
19;Koji Miyoshi;307;40%;191;36;25%;62;45;84;122;116;47;41%;75;39%;9;34;55%;-;-;2;-;18;RM
19;Derek Germano Kutesa;390;41%;290;62;32%;48;33;72;159;100;37;37%;122;42%;20;28;58%;0,61;0,15;2;-;13;RM
5;Buta;176;52%;75;25;60%;52;62;55;92;101;59;58%;33;44%;15;34;65%;0,34;0,06;5;-;15;RM
14;Thibault Vlietinck;49;45%;27;14;36%;7;13;20;22;22;13;59%;9;33%;5;4;57%;0,06;0,06;1;-;2;RM
8;A. Gholizadeh;341;40%;221;22;32%;78;68;150;136;120;39;33%;97;44%;7;33;42%;0,25;0,05;9;1;22;RM
19;Levan Shengelia;99;49%;53;10;60%;23;30;35;49;46;28;61%;21;40%;6;15;65%;0,26;0,07;1;-;4;RM
27;Mamadou Fall;57;28%;45;20;15%;5;9;10;16;12;5;42%;11;24%;3;3;60%;0,04;0,02;-;-;4;RM
35;Marian Shved;386;42%;261;48;42%;74;40;60;161;125;67;54%;94;36%;20;49;66%;0,02;0,02;2;-;32;RM
14;M. Benson;458;34%;347;56;25%;53;33;105;154;111;25;23%;129;37%;14;16;30%;0,03;0,03;3;-;10;RM
22;W. Janssens;117;52%;49;24;67%;40;26;35;61;68;42;62%;19;39%;16;23;57%;-;-;4;1;9;RM
14;A. Castro-Montes;524;52%;279;68;60%;138;138;151;272;245;132;54%;140;50%;41;75;54%;0,34;0,03;5;-;35;RM
21;F. Sambu Mansoni;261;52%;133;33;42%;59;79;108;137;128;76;59%;61;46%;14;40;68%;1,11;0,11;2;-;6;RM
7;Junya Ito;594;45%;427;45;24%;114;70;145;266;167;81;49%;185;43%;11;60;53%;0,09;0,03;5;-;23;RM
36;Abdoulie Jallow;349;44%;235;48;33%;65;47;117;155;114;54;47%;101;43%;16;34;52%;0,11;0,06;2;-;12;RM
25;Emmanuel Sowah;5;80%;2;-;-;2;3;3;4;3;3;100%;1;50%;-;2;100%;-;-;-;-;-;RM
7;F. Amuzu;284;40%;208;34;26%;36;25;60;114;76;29;38%;85;41%;9;15;42%;-;-;6;-;21;RM
77;J. Sekidika;3;33%;2;-;-;1;-;-;1;1;1;100%;-;-;-;1;100%;-;-;-;-;-;RM
11;Aron Leonard Donnum;324;39%;247;41;41%;37;28;81;126;77;30;39%;96;39%;17;18;49%;0,06;0,06;5;-;28;RM
7;Karim Zedadka;76;57%;34;14;57%;17;17;10;43;42;27;64%;16;47%;8;14;82%;0,16;0,08;3;-;7;RM
19;M. Bundu;1;-;-;-;-;1;-;-;-;1;-;-;-;-;-;-;-;-;-;-;-;1;RM
32;Daan Vekemans;21;33%;9;1;-;8;4;7;7;12;5;42%;2;22%;-;3;38%;0,15;0,15;-;-;4;RM
11;Musa Al-Taamari;519;42%;347;43;30%;93;87;135;220;172;62;36%;158;46%;13;45;48%;0,54;0,14;3;1;10;RM
80;Pierre Junior Dwomoh;60;48%;30;9;67%;14;19;26;29;30;14;47%;15;50%;6;8;57%;0,08;0,03;4;-;5;RM
4;Daiki Hashioka;406;59%;172;135;64%;105;183;144;240;234;143;61%;97;56%;86;67;64%;1,88;0,11;4;-;21;RM
4;Damjan Pavlovic;146;52%;61;36;53%;36;44;50;76;85;49;58%;27;44%;19;21;58%;0,15;0,08;3;1;16;RM
34;Jelle Bataille;367;59%;139;46;65%;141;132;133;216;228;144;63%;72;52%;30;90;64%;0,72;0,12;4;1;23;RM
10;Yari Verschaeren;375;42%;218;34;21%;89;71;112;158;157;71;45%;87;40%;7;47;53%;0,06;0,02;2;-;10;RM
7;Andreas Skov Olsen;150;46%;95;16;38%;36;45;59;69;55;25;45%;44;46%;6;16;44%;0,07;0,07;-;-;1;RM
17;T. Buchanan;282;51%;165;39;49%;60;42;62;145;117;67;57%;78;47%;19;42;70%;0,59;0,2;2;1;14;RM
19;Kamal Sowah;71;46%;51;10;40%;13;13;27;33;20;11;55%;22;43%;4;8;62%;-;-;-;-;6;RM
16;Tibo Persyn;8;38%;7;3;33%;1;4;4;3;1;1;100%;2;29%;1;1;100%;-;-;1;-;2;RM
99;Abdoulie Sanyang;123;38%;87;17;18%;13;7;35;47;36;15;42%;32;37%;3;11;85%;-;-;-;-;2;RM
23;Olivier Deman;543;41%;342;162;34%;123;77;110;220;201;82;41%;138;40%;55;58;47%;0,74;0,15;7;-;42;RM
28;K. Tshiend;170;48%;86;25;28%;36;32;44;82;84;48;57%;34;40%;7;22;61%;0,49;0,25;1;-;10;RM
3;Oluwafemi Ibrahim Seriki;1;100%;-;-;-;-;-;-;1;1;1;100%;-;-;-;-;-;-;-;-;-;-;RM
11;Issa Soumare;199;45%;164;94;53%;13;22;22;90;35;17;49%;73;45%;50;9;69%;0,19;0,19;3;-;8;RM
18;Tatsuhiro Sakamoto;221;45%;124;27;44%;48;52;61;100;97;49;51%;51;41%;12;26;54%;0,33;0,11;-;-;13;RM
7;Dylan Mbayo;297;38%;188;26;19%;71;35;62;114;109;39;36%;75;40%;5;29;41%;0,06;0,03;6;-;23;RM
38;K. Pius;1;-;1;1;-;-;1;-;-;-;-;-;-;-;-;-;-;-;-;-;-;-;RM
61;K. Arnstad;59;36%;34;7;29%;15;16;16;21;25;9;36%;12;35%;2;6;40%;-;-;1;-;7;RM
18;Matisse Samoise;421;45%;189;76;45%;133;139;193;190;232;110;47%;80;42%;34;64;48%;0,86;0,08;6;1;33;RM
38;Jackson Tchatchoua;300;57%;146;74;55%;74;103;137;170;154;94;61%;76;52%;41;43;58%;0,61;0,07;8;-;18;RM
19;Manuel Osifo;39;38%;14;4;50%;18;14;14;15;25;7;28%;8;57%;2;5;28%;0,31;0,31;-;-;1;RM
36;Siebe Wylin;78;46%;22;20;35%;20;36;34;36;56;25;45%;11;50%;7;8;40%;0,38;0,38;-;-;6;RM